<?xml version = '1.0' encoding = 'UTF-8'?>
<Diagram class="oracle.dbtools.crest.swingui.logical.DPVLogical" name="Logical" id="E9FA7735-D664-6870-F458-1BDAC269FB94">
<createdBy>Laptop</createdBy>
<modifiedBy>Laptop</modifiedBy>
<createdTime>2025-03-09 20:44:41 UTC</createdTime>
<autoRoute>false</autoRoute>
<boxInbox>true</boxInbox>
<showLegend>false</showLegend>
<showLabels>true</showLabels>
<showRelAttributes>false</showRelAttributes>
<gridEnabled>false</gridEnabled>
<showGrid>false</showGrid>
<diagramColor>-1</diagramColor>
<display>false</display>
<notation>1</notation>
<objectViews>
<OView class="oracle.dbtools.crest.swingui.logical.TVEntity" oid="28169BC0-1422-91B8-1257-805F18F30CE0" otype="Entity" vid="675ADAB4-9564-4665-9B87-3804748CBCE7">
<hideElementsInCurrentOnly>false</hideElementsInCurrentOnly>
<bounds x="1242" y="33" width="311" height="193"/>
</OView>
<OView class="oracle.dbtools.crest.swingui.logical.TVEntity" oid="564893BD-4761-CB9D-1F0B-5A2E696E48C3" otype="Entity" vid="7A70B669-28B7-985D-7AA4-0A588D566855">
<hideElementsInCurrentOnly>false</hideElementsInCurrentOnly>
<bounds x="1228" y="314" width="298" height="155"/>
</OView>
<OView class="oracle.dbtools.crest.swingui.logical.TVEntity" oid="71EF936B-7349-2F1B-7B49-82792DA4BC52" otype="Entity" vid="8AD7CA13-E1B5-B29D-6108-B58BE2272CA8">
<hideElementsInCurrentOnly>false</hideElementsInCurrentOnly>
<bounds x="369" y="14" width="341" height="282"/>
</OView>
<OView class="oracle.dbtools.crest.swingui.logical.TVEntity" oid="9E616820-E0C9-F44B-1650-2AEF7058B617" otype="Entity" vid="71FFF2C5-C055-2145-1E4D-06DAADA2B0C1">
<hideElementsInCurrentOnly>false</hideElementsInCurrentOnly>
<bounds x="380" y="395" width="308" height="157"/>
</OView>
<OView class="oracle.dbtools.crest.swingui.logical.TVEntity" oid="BBEFDFD5-AACC-973C-4E57-D6B4BCED580C" otype="Entity" vid="B6497D20-39C0-D977-C55D-4C7892481443">
<hideElementsInCurrentOnly>false</hideElementsInCurrentOnly>
<bounds x="835" y="19" width="279" height="235"/>
</OView>
<OView class="oracle.dbtools.crest.swingui.logical.TVEntity" oid="C530FEBB-EFBA-6412-F646-BE9767AF0AC3" otype="Entity" vid="B16931E1-5B19-3677-24E5-4FCB89F9295B">
<hideElementsInCurrentOnly>false</hideElementsInCurrentOnly>
<bounds x="9" y="278" width="245" height="145"/>
</OView>
<OView class="oracle.dbtools.crest.swingui.logical.TVEntity" oid="EF48C728-F9B6-8D92-EAD3-3A4754DE0109" otype="Entity" vid="EA5EB6A7-E208-E33F-8EA9-B1CC50E9C81E">
<hideElementsInCurrentOnly>false</hideElementsInCurrentOnly>
<bounds x="15" y="16" width="230" height="161"/>
</OView>
<OView class="oracle.dbtools.crest.swingui.logical.TVEntity" oid="F6862D86-7045-81B0-4CD1-81BDD4B69485" otype="Entity" vid="FDADC708-79E4-467E-821A-B357418C95A2">
<hideElementsInCurrentOnly>false</hideElementsInCurrentOnly>
<bounds x="791" y="334" width="328" height="154"/>
</OView>
</objectViews>
<connectors>
<Connector class="oracle.dbtools.crest.swingui.logical.TVRelation" oid="031F42D5-4BCD-B271-A477-10065FE2686D" otype="Relation" vid_source="B16931E1-5B19-3677-24E5-4FCB89F9295B" vid_target="8AD7CA13-E1B5-B29D-6108-B58BE2272CA8">
<hideElementsInCurrentOnly>false</hideElementsInCurrentOnly>
<backgroundColor>-16777216</backgroundColor>
<lineWidth>1</lineWidth>
<sourceLabel class="oracle.dbtools.crest.model.design.Label">
<site>0</site>
<labelBounds x="264" y="324" width="79" height="30"/>
<noBackgroundColor>true</noBackgroundColor>
<noForegroundColor>true</noForegroundColor>
</sourceLabel>
<targetLabel class="oracle.dbtools.crest.model.design.Label">
<site>2</site>
<labelBounds x="260" y="287" width="103" height="30"/>
<noBackgroundColor>true</noBackgroundColor>
<noForegroundColor>true</noForegroundColor>
</targetLabel>
<points>
<point x="254" y="324"/>
<point x="369" y="287"/>
</points>
</Connector>
<Connector class="oracle.dbtools.crest.swingui.logical.TVRelation" oid="2F9F8477-4437-53B9-DC09-270374D18C42" otype="Relation" vid_source="EA5EB6A7-E208-E33F-8EA9-B1CC50E9C81E" vid_target="8AD7CA13-E1B5-B29D-6108-B58BE2272CA8">
<hideElementsInCurrentOnly>false</hideElementsInCurrentOnly>
<backgroundColor>-16777216</backgroundColor>
<lineWidth>1</lineWidth>
<sourceLabel class="oracle.dbtools.crest.model.design.Label">
<site>0</site>
<labelBounds x="255" y="66" width="53" height="30"/>
<noBackgroundColor>true</noBackgroundColor>
<noForegroundColor>true</noForegroundColor>
</sourceLabel>
<targetLabel class="oracle.dbtools.crest.model.design.Label">
<site>2</site>
<labelBounds x="277" y="99" width="86" height="30"/>
<noBackgroundColor>true</noBackgroundColor>
<noForegroundColor>true</noForegroundColor>
</targetLabel>
<points>
<point x="245" y="96"/>
<point x="369" y="96"/>
</points>
</Connector>
<Connector class="oracle.dbtools.crest.swingui.logical.TVRelation" oid="46E9E55C-A89F-1AAE-11CF-D66C926D12D3" otype="Relation" vid_source="675ADAB4-9564-4665-9B87-3804748CBCE7" vid_target="B6497D20-39C0-D977-C55D-4C7892481443">
<hideElementsInCurrentOnly>false</hideElementsInCurrentOnly>
<backgroundColor>-16777216</backgroundColor>
<lineWidth>1</lineWidth>
<sourceLabel class="oracle.dbtools.crest.model.design.Label">
<site>0</site>
<labelBounds x="1123" y="127" width="113" height="30"/>
<noBackgroundColor>true</noBackgroundColor>
<noForegroundColor>true</noForegroundColor>
</sourceLabel>
<targetLabel class="oracle.dbtools.crest.model.design.Label">
<site>2</site>
<labelBounds x="1124" y="129" width="78" height="30"/>
<noBackgroundColor>true</noBackgroundColor>
<noForegroundColor>true</noForegroundColor>
</targetLabel>
<points>
<point x="1242" y="127"/>
<point x="1114" y="129"/>
</points>
</Connector>
<Connector class="oracle.dbtools.crest.swingui.logical.TVRelation" oid="4AD02BBC-DA3B-327B-642F-3D218E845E32" otype="Relation" vid_source="8AD7CA13-E1B5-B29D-6108-B58BE2272CA8" vid_target="71FFF2C5-C055-2145-1E4D-06DAADA2B0C1">
<hideElementsInCurrentOnly>false</hideElementsInCurrentOnly>
<backgroundColor>-16777216</backgroundColor>
<lineWidth>1</lineWidth>
<sourceLabel class="oracle.dbtools.crest.model.design.Label">
<site>0</site>
<labelBounds x="534" y="332" width="103" height="30"/>
<noBackgroundColor>true</noBackgroundColor>
<noForegroundColor>true</noForegroundColor>
</sourceLabel>
<targetLabel class="oracle.dbtools.crest.model.design.Label">
<site>2</site>
<labelBounds x="445" y="359" width="61" height="30"/>
<noBackgroundColor>true</noBackgroundColor>
<noForegroundColor>true</noForegroundColor>
</targetLabel>
<points>
<point x="534" y="296"/>
<point x="445" y="395"/>
</points>
</Connector>
<Connector class="oracle.dbtools.crest.swingui.logical.TVRelation" oid="9BA32D88-8A3D-0D08-9168-68A38407A9F7" otype="Relation" vid_source="675ADAB4-9564-4665-9B87-3804748CBCE7" vid_target="7A70B669-28B7-985D-7AA4-0A588D566855">
<hideElementsInCurrentOnly>false</hideElementsInCurrentOnly>
<backgroundColor>-16777216</backgroundColor>
<lineWidth>1</lineWidth>
<sourceLabel class="oracle.dbtools.crest.model.design.Label">
<site>0</site>
<labelBounds x="1384" y="262" width="60" height="30"/>
<noBackgroundColor>true</noBackgroundColor>
<noForegroundColor>true</noForegroundColor>
</sourceLabel>
<targetLabel class="oracle.dbtools.crest.model.design.Label">
<site>2</site>
<labelBounds x="1134" y="319" width="88" height="30"/>
<noBackgroundColor>true</noBackgroundColor>
<noForegroundColor>true</noForegroundColor>
</targetLabel>
<points>
<point x="1384" y="226"/>
<point x="1228" y="319"/>
</points>
</Connector>
<Connector class="oracle.dbtools.crest.swingui.logical.TVRelation" oid="F51F2E23-CB20-C889-5D8F-9C3DF1110E93" otype="Relation" vid_source="8AD7CA13-E1B5-B29D-6108-B58BE2272CA8" vid_target="B6497D20-39C0-D977-C55D-4C7892481443">
<hideElementsInCurrentOnly>false</hideElementsInCurrentOnly>
<backgroundColor>-16777216</backgroundColor>
<lineWidth>1</lineWidth>
<sourceLabel class="oracle.dbtools.crest.model.design.Label">
<site>0</site>
<labelBounds x="720" y="136" width="102" height="30"/>
<noBackgroundColor>true</noBackgroundColor>
<noForegroundColor>true</noForegroundColor>
</sourceLabel>
<targetLabel class="oracle.dbtools.crest.model.design.Label">
<site>2</site>
<labelBounds x="726" y="131" width="103" height="30"/>
<noBackgroundColor>true</noBackgroundColor>
<noForegroundColor>true</noForegroundColor>
</targetLabel>
<points>
<point x="710" y="136"/>
<point x="835" y="131"/>
</points>
</Connector>
<Connector class="oracle.dbtools.crest.swingui.logical.TVRelation" oid="FBE499D8-2C6B-F4D6-E591-47EFD9A3585C" otype="Relation" vid_source="FDADC708-79E4-467E-821A-B357418C95A2" vid_target="B6497D20-39C0-D977-C55D-4C7892481443">
<hideElementsInCurrentOnly>false</hideElementsInCurrentOnly>
<backgroundColor>-16777216</backgroundColor>
<lineWidth>1</lineWidth>
<sourceLabel class="oracle.dbtools.crest.model.design.Label">
<site>0</site>
<labelBounds x="815" y="298" width="52" height="30"/>
<noBackgroundColor>true</noBackgroundColor>
<noForegroundColor>true</noForegroundColor>
</sourceLabel>
<targetLabel class="oracle.dbtools.crest.model.design.Label">
<site>2</site>
<labelBounds x="974" y="290" width="111" height="30"/>
<noBackgroundColor>true</noBackgroundColor>
<noForegroundColor>true</noForegroundColor>
</targetLabel>
<points>
<point x="815" y="334"/>
<point x="974" y="254"/>
</points>
</Connector>
</connectors>
</Diagram>