<?xml version = '1.0' encoding = 'UTF-8'?>
<FKIndexAssociation class="oracle.dbtools.crest.model.design.relational.FKIndexAssociation" directorySegmentName="seg_0" id="D3D15A0E-558A-CE76-DCD6-49C16807E647" containerWithKeyObject="10C76914-8D90-71A3-76A4-10F5884CFC23" localFKIndex="13EF277F-542A-7F14-B2E9-13DA939F514C" name="Raport_techniczny_Balon_FK">
<createdBy>Laptop</createdBy>
<createdTime>2025-03-10 09:26:56 UTC</createdTime>
<generatorID>9BA32D88-8A3D-0D08-9168-68A38407A9F7</generatorID>
<ownerDesignName>SKY_ADVENTURE</ownerDesignName>
<referredTableLongName>Balon</referredTableLongName>
<deleteRule>NO ACTION</deleteRule>
<referredTableID>8A3EF4E1-8EAF-80C9-CCAC-4D09EC3C07B2</referredTableID>
<keyObject>06EE7A36-EBD8-B5C2-8A78-FA19C0759309</keyObject>
<referredKeyID>06EE7A36-EBD8-B5C2-8A78-FA19C0759309</referredKeyID>
<mandatory>false</mandatory>
<refColNames>ID_BALONU</refColNames>
<transferable>true</transferable>
<rely>false</rely>
<columnDependencyConstraintGenerateInDDL>true</columnDependencyConstraintGenerateInDDL>
</FKIndexAssociation>