<?xml version = '1.0' encoding = 'UTF-8'?>
<Table class="oracle.dbtools.crest.model.design.relational.Table" directorySegmentName="seg_0" id="10C76914-8D90-71A3-76A4-10F5884CFC23" name="Raport_techniczny">
<createdBy>Laptop</createdBy>
<createdTime>2025-03-10 09:26:56 UTC</createdTime>
<generatorID>564893BD-4761-CB9D-1F0B-5A2E696E48C3</generatorID>
<ownerDesignName>SKY_ADVENTURE</ownerDesignName>
<allowColumnReorder>false</allowColumnReorder>
<existDependencyGenerateInDDl>true</existDependencyGenerateInDDl>
<parsed>true</parsed>
<columns itemClass="oracle.dbtools.crest.model.design.relational.Column">
<Column name="ID_RAPORTU" id="D711C74F-EE15-18F7-4AF7-DF22E2286B12">
<createdBy>Laptop</createdBy>
<createdTime>2025-03-10 09:26:56 UTC</createdTime>
<generatorID>9E866955-1E8F-9AFA-1E55-418B49F135B5</generatorID>
<ownerDesignName>SKY_ADVENTURE</ownerDesignName>
<useDomainConstraints>false</useDomainConstraints>
<use>1</use>
<logicalDatatype>LOGDT011</logicalDatatype>
<ownDataTypeParameters>,,</ownDataTypeParameters>
<autoIncrementCycle>false</autoIncrementCycle>
</Column>
<Column name="Balon_ID_BALONU" id="D15A1A8F-3E47-31D9-285F-E59E67A0F539">
<createdBy>Laptop</createdBy>
<createdTime>2025-03-10 09:26:56 UTC</createdTime>
<generatorID>EE5C3FCE-6588-E2CE-208B-D75D28ED2E35</generatorID>
<ownerDesignName>SKY_ADVENTURE</ownerDesignName>
<nullsAllowed>true</nullsAllowed>
<useDomainConstraints>false</useDomainConstraints>
<use>1</use>
<logicalDatatype>LOGDT011</logicalDatatype>
<ownDataTypeParameters>,,</ownDataTypeParameters>
<previousColumn>false</previousColumn>
<autoIncrementCycle>false</autoIncrementCycle>
<associations>
<colAssociation fkAssociation="D3D15A0E-558A-CE76-DCD6-49C16807E647" referredColumn="51127A58-E2FD-CFFE-61CC-8EA4B5360625"/>
</associations>
</Column>
<Column name="DATA_PRZEPROWADZENIA" id="D1366CB1-DC70-03AB-B83B-5A7C563351F3">
<createdBy>Laptop</createdBy>
<createdTime>2025-03-10 09:26:56 UTC</createdTime>
<generatorID>08EEC3D5-FB50-CBEE-0C14-9ABEC652A256</generatorID>
<ownerDesignName>SKY_ADVENTURE</ownerDesignName>
<useDomainConstraints>false</useDomainConstraints>
<use>1</use>
<logicalDatatype>LOGDT007</logicalDatatype>
<ownDataTypeParameters>,,</ownDataTypeParameters>
<autoIncrementCycle>false</autoIncrementCycle>
</Column>
<Column name="OPIS_STANU" id="FB286565-A12B-A713-AED7-4755BF15BDA2">
<createdBy>Laptop</createdBy>
<createdTime>2025-03-10 09:26:56 UTC</createdTime>
<generatorID>4073A9C8-780F-8BB0-09FC-BCCA3B0AA0D0</generatorID>
<ownerDesignName>SKY_ADVENTURE</ownerDesignName>
<useDomainConstraints>false</useDomainConstraints>
<use>1</use>
<logicalDatatype>LOGDT040</logicalDatatype>
<ownDataTypeParameters>,,</ownDataTypeParameters>
<autoIncrementCycle>false</autoIncrementCycle>
</Column>
<Column name="ZALECENIA" id="7943FD38-1A86-CFC4-2FF8-2661AA43D353">
<createdBy>Laptop</createdBy>
<createdTime>2025-03-10 09:26:56 UTC</createdTime>
<generatorID>7A55FBED-CA48-1CB3-0B74-7B3F8ECFD820</generatorID>
<ownerDesignName>SKY_ADVENTURE</ownerDesignName>
<useDomainConstraints>false</useDomainConstraints>
<use>1</use>
<logicalDatatype>LOGDT040</logicalDatatype>
<ownDataTypeParameters>,,</ownDataTypeParameters>
<autoIncrementCycle>false</autoIncrementCycle>
</Column>
</columns>
<indexes itemClass="oracle.dbtools.crest.model.design.relational.Index">
<ind_PK_UK id="488AF465-516E-9CF3-CFD9-2421B6B4C229" name="Raport_techniczny_PK">
<createdBy>Laptop</createdBy>
<createdTime>2025-03-10 09:26:56 UTC</createdTime>
<generatorID>B20AEC3C-6CEB-C611-BF2B-760A9351EB8A</generatorID>
<ownerDesignName>SKY_ADVENTURE</ownerDesignName>
<pk>true</pk>
<indexState>Primary Constraint</indexState>
<isSurrogateKey>false</isSurrogateKey>
<indexColumnUsage>
<colUsage columnID="D711C74F-EE15-18F7-4AF7-DF22E2286B12"/>
</indexColumnUsage>
</ind_PK_UK>
<ind_PK_UK id="13EF277F-542A-7F14-B2E9-13DA939F514C" name="Raport_techniczny_Balon_FK">
<createdBy>Laptop</createdBy>
<createdTime>2025-03-10 09:26:56 UTC</createdTime>
<generatorID>9BA32D88-8A3D-0D08-9168-68A38407A9F7</generatorID>
<ownerDesignName>SKY_ADVENTURE</ownerDesignName>
<indexState>Foreign Key</indexState>
<isSurrogateKey>false</isSurrogateKey>
<indexColumnUsage>
<colUsage columnID="D15A1A8F-3E47-31D9-285F-E59E67A0F539"/>
</indexColumnUsage>
</ind_PK_UK>
</indexes>
</Table>