<?xml version = '1.0' encoding = 'UTF-8'?>
<Table class="oracle.dbtools.crest.model.design.relational.Table" directorySegmentName="seg_0" id="8A3EF4E1-8EAF-80C9-CCAC-4D09EC3C07B2" name="Balon">
<createdBy>Laptop</createdBy>
<createdTime>2025-03-10 09:26:56 UTC</createdTime>
<generatorID>28169BC0-1422-91B8-1257-805F18F30CE0</generatorID>
<ownerDesignName>SKY_ADVENTURE</ownerDesignName>
<allowColumnReorder>false</allowColumnReorder>
<existDependencyGenerateInDDl>true</existDependencyGenerateInDDl>
<parsed>true</parsed>
<columns itemClass="oracle.dbtools.crest.model.design.relational.Column">
<Column name="ID_BALONU" id="51127A58-E2FD-CFFE-61CC-8EA4B5360625">
<createdBy>Laptop</createdBy>
<createdTime>2025-03-10 09:26:56 UTC</createdTime>
<generatorID>423380C0-9055-0909-F78C-387CA2A90516</generatorID>
<ownerDesignName>SKY_ADVENTURE</ownerDesignName>
<useDomainConstraints>false</useDomainConstraints>
<use>1</use>
<logicalDatatype>LOGDT011</logicalDatatype>
<ownDataTypeParameters>,,</ownDataTypeParameters>
<autoIncrementCycle>false</autoIncrementCycle>
</Column>
<Column name="MODEL" id="4CAEF095-7F4A-2477-F6A7-9A864778BF1B">
<createdBy>Laptop</createdBy>
<createdTime>2025-03-10 09:26:56 UTC</createdTime>
<generatorID>9F570402-3E26-D25A-8E02-A13E82D03D60</generatorID>
<ownerDesignName>SKY_ADVENTURE</ownerDesignName>
<useDomainConstraints>false</useDomainConstraints>
<use>1</use>
<logicalDatatype>LOGDT024</logicalDatatype>
<dataTypeSize>30</dataTypeSize>
<ownDataTypeParameters>30,,</ownDataTypeParameters>
<autoIncrementCycle>false</autoIncrementCycle>
</Column>
<Column name="POJEMNOŚĆ" id="2C465F64-462B-4A81-923A-78A40D0B5C40">
<createdBy>Laptop</createdBy>
<createdTime>2025-03-10 09:26:56 UTC</createdTime>
<generatorID>15CB2B45-13EE-20A1-AD2E-711825CF9B36</generatorID>
<ownerDesignName>SKY_ADVENTURE</ownerDesignName>
<useDomainConstraints>false</useDomainConstraints>
<use>1</use>
<logicalDatatype>LOGDT011</logicalDatatype>
<ownDataTypeParameters>,,</ownDataTypeParameters>
<autoIncrementCycle>false</autoIncrementCycle>
</Column>
<Column name="STATUS_TECHNICZNY" id="1C44EFE6-89B3-7177-AB8E-2979FAC8FFCF">
<createdBy>Laptop</createdBy>
<createdTime>2025-03-10 09:26:56 UTC</createdTime>
<generatorID>CA26A0D2-C6C0-94CD-B545-FC22DFC07F53</generatorID>
<ownerDesignName>SKY_ADVENTURE</ownerDesignName>
<useDomainConstraints>false</useDomainConstraints>
<use>1</use>
<logicalDatatype>LOGDT024</logicalDatatype>
<dataTypeSize>20</dataTypeSize>
<ownDataTypeParameters>20,,</ownDataTypeParameters>
<autoIncrementCycle>false</autoIncrementCycle>
</Column>
<Column name="DATA_OSTATNIEGO_PRZEGLĄDU" id="AB76402E-336A-733D-01CA-ED1B794E21FE">
<createdBy>Laptop</createdBy>
<createdTime>2025-03-10 09:26:56 UTC</createdTime>
<generatorID>CC3504AE-CAE4-4E58-E405-B0F34E2D70BE</generatorID>
<ownerDesignName>SKY_ADVENTURE</ownerDesignName>
<useDomainConstraints>false</useDomainConstraints>
<use>1</use>
<logicalDatatype>LOGDT007</logicalDatatype>
<ownDataTypeParameters>,,</ownDataTypeParameters>
<autoIncrementCycle>false</autoIncrementCycle>
</Column>
</columns>
<indexes itemClass="oracle.dbtools.crest.model.design.relational.Index">
<ind_PK_UK id="06EE7A36-EBD8-B5C2-8A78-FA19C0759309" name="Balon_PK">
<createdBy>Laptop</createdBy>
<createdTime>2025-03-10 09:26:56 UTC</createdTime>
<generatorID>B0FDFBBE-0A67-55AC-A415-40B879B6B315</generatorID>
<ownerDesignName>SKY_ADVENTURE</ownerDesignName>
<pk>true</pk>
<indexState>Primary Constraint</indexState>
<isSurrogateKey>false</isSurrogateKey>
<indexColumnUsage>
<colUsage columnID="51127A58-E2FD-CFFE-61CC-8EA4B5360625"/>
</indexColumnUsage>
</ind_PK_UK>
</indexes>
</Table>