<?xml version = '1.0' encoding = 'UTF-8'?>
<relationalModel class="oracle.dbtools.crest.model.design.relational.RelationalDesign" name="Relational_1" id="89EAE634-7F2C-34B3-D2FA-FBDFE86EF217" mainViewID="E581A378-B1FF-D614-C41F-EA9A59B66548">
<createdBy>Laptop</createdBy>
<createdTime>2025-03-09 20:39:51 UTC</createdTime>
<ownerDesignName>SKY_ADVENTURE</ownerDesignName>
<shouldBeOpen>true</shouldBeOpen>
<selectedRDBMSSite>32076570-2523-435C-2E92-BF29817DFF70</selectedRDBMSSite>
</relationalModel>