<?xml version = '1.0' encoding = 'UTF-8'?>
<Entity class="oracle.dbtools.crest.model.design.logical.Entity" directorySegmentName="seg_0" id="564893BD-4761-CB9D-1F0B-5A2E696E48C3" name="Raport techniczny">
<createdBy>Laptop</createdBy>
<createdTime>2025-03-09 20:45:45 UTC</createdTime>
<ownerDesignName>SKY_ADVENTURE</ownerDesignName>
<engineerTo>
<item key="89EAE634-7F2C-34B3-D2FA-FBDFE86EF217" value="true"/>
</engineerTo>
<adequatelyNormalized>NO</adequatelyNormalized>
<expectedVolumes>0</expectedVolumes>
<fwdEngineeringStrategyName>Single Table</fwdEngineeringStrategyName>
<growthPercent>0</growthPercent>
<growthType>Year</growthType>
<maxVolumes>9999999</maxVolumes>
<minVolumes>0</minVolumes>
<normalForm>Third</normalForm>
<attributes itemClass="oracle.dbtools.crest.model.design.logical.Attribute">
<Attribute name="ID_RAPORTU" id="9E866955-1E8F-9AFA-1E55-418B49F135B5">
<createdBy>Laptop</createdBy>
<createdTime>2025-03-10 09:23:13 UTC</createdTime>
<ownerDesignName>SKY_ADVENTURE</ownerDesignName>
<engineerTo>
<item key="89EAE634-7F2C-34B3-D2FA-FBDFE86EF217" value="true"/>
</engineerTo>
<useDomainConstraints>false</useDomainConstraints>
<use>1</use>
<logicalDatatype>LOGDT011</logicalDatatype>
<ownDataTypeParameters>,,</ownDataTypeParameters>
</Attribute>
<Attribute name="ID_BALONU" id="EE5C3FCE-6588-E2CE-208B-D75D28ED2E35">
<createdBy>Laptop</createdBy>
<createdTime>2025-03-10 09:06:45 UTC</createdTime>
<generatorID>9BA32D88-8A3D-0D08-9168-68A38407A9F7</generatorID>
<ownerDesignName>SKY_ADVENTURE</ownerDesignName>
<engineerTo>
<item key="89EAE634-7F2C-34B3-D2FA-FBDFE86EF217" value="true"/>
</engineerTo>
<nullsAllowed>true</nullsAllowed>
<referedAttribute>423380C0-9055-0909-F78C-387CA2A90516</referedAttribute>
<useDomainConstraints>false</useDomainConstraints>
<use>1</use>
<logicalDatatype>LOGDT011</logicalDatatype>
<ownDataTypeParameters>,,</ownDataTypeParameters>
</Attribute>
<Attribute name="DATA_PRZEPROWADZENIA" id="08EEC3D5-FB50-CBEE-0C14-9ABEC652A256">
<createdBy>Laptop</createdBy>
<createdTime>2025-03-10 09:23:56 UTC</createdTime>
<ownerDesignName>SKY_ADVENTURE</ownerDesignName>
<engineerTo>
<item key="89EAE634-7F2C-34B3-D2FA-FBDFE86EF217" value="true"/>
</engineerTo>
<useDomainConstraints>false</useDomainConstraints>
<use>1</use>
<logicalDatatype>LOGDT007</logicalDatatype>
<ownDataTypeParameters>,,</ownDataTypeParameters>
</Attribute>
<Attribute name="OPIS_STANU" id="4073A9C8-780F-8BB0-09FC-BCCA3B0AA0D0">
<createdBy>Laptop</createdBy>
<createdTime>2025-03-10 09:24:27 UTC</createdTime>
<ownerDesignName>SKY_ADVENTURE</ownerDesignName>
<engineerTo>
<item key="89EAE634-7F2C-34B3-D2FA-FBDFE86EF217" value="true"/>
</engineerTo>
<useDomainConstraints>false</useDomainConstraints>
<use>1</use>
<logicalDatatype>LOGDT040</logicalDatatype>
<ownDataTypeParameters>,,</ownDataTypeParameters>
</Attribute>
<Attribute name="ZALECENIA" id="7A55FBED-CA48-1CB3-0B74-7B3F8ECFD820">
<createdBy>Laptop</createdBy>
<createdTime>2025-03-10 09:24:47 UTC</createdTime>
<ownerDesignName>SKY_ADVENTURE</ownerDesignName>
<engineerTo>
<item key="89EAE634-7F2C-34B3-D2FA-FBDFE86EF217" value="true"/>
</engineerTo>
<useDomainConstraints>false</useDomainConstraints>
<use>1</use>
<logicalDatatype>LOGDT040</logicalDatatype>
<ownDataTypeParameters>,,</ownDataTypeParameters>
</Attribute>
</attributes>
<identifiers itemClass="oracle.dbtools.crest.model.design.logical.CandidateKey">
<identifier id="B20AEC3C-6CEB-C611-BF2B-760A9351EB8A" name="Raport techniczny PK">
<createdBy>Laptop</createdBy>
<createdTime>2025-03-10 09:23:16 UTC</createdTime>
<ownerDesignName>SKY_ADVENTURE</ownerDesignName>
<engineerTo>
<item key="89EAE634-7F2C-34B3-D2FA-FBDFE86EF217" value="true"/>
</engineerTo>
<pk>true</pk>
<usedAttributes>
<attributeRef>9E866955-1E8F-9AFA-1E55-418B49F135B5</attributeRef>
</usedAttributes>
</identifier>
</identifiers>
</Entity>