<?xml version = '1.0' encoding = 'UTF-8'?>
<Entity class="oracle.dbtools.crest.model.design.logical.Entity" directorySegmentName="seg_0" id="9E616820-E0C9-F44B-1650-2AEF7058B617" name="Płatność">
<createdBy>Laptop</createdBy>
<createdTime>2025-03-09 20:45:34 UTC</createdTime>
<ownerDesignName>SKY_ADVENTURE</ownerDesignName>
<engineerTo>
<item key="89EAE634-7F2C-34B3-D2FA-FBDFE86EF217" value="true"/>
</engineerTo>
<adequatelyNormalized>NO</adequatelyNormalized>
<expectedVolumes>0</expectedVolumes>
<fwdEngineeringStrategyName>Single Table</fwdEngineeringStrategyName>
<growthPercent>0</growthPercent>
<growthType>Year</growthType>
<maxVolumes>9999999</maxVolumes>
<minVolumes>0</minVolumes>
<normalForm>Third</normalForm>
<attributes itemClass="oracle.dbtools.crest.model.design.logical.Attribute">
<Attribute name="ID_PŁATNOŚCI" id="78993D6A-102A-380C-ECE8-A8F791D3225E">
<createdBy>Laptop</createdBy>
<createdTime>2025-03-10 09:16:29 UTC</createdTime>
<ownerDesignName>SKY_ADVENTURE</ownerDesignName>
<engineerTo>
<item key="89EAE634-7F2C-34B3-D2FA-FBDFE86EF217" value="true"/>
</engineerTo>
<useDomainConstraints>false</useDomainConstraints>
<use>1</use>
<logicalDatatype>LOGDT011</logicalDatatype>
<ownDataTypeParameters>,,</ownDataTypeParameters>
</Attribute>
<Attribute name="KWOTA" id="4B91E293-4CDF-8E4F-3CAF-C9F6D41D1F32">
<createdBy>Laptop</createdBy>
<createdTime>2025-03-10 09:19:05 UTC</createdTime>
<ownerDesignName>SKY_ADVENTURE</ownerDesignName>
<engineerTo>
<item key="89EAE634-7F2C-34B3-D2FA-FBDFE86EF217" value="true"/>
</engineerTo>
<useDomainConstraints>false</useDomainConstraints>
<use>1</use>
<logicalDatatype>LOGDT026</logicalDatatype>
<dataTypePrecision>10</dataTypePrecision>
<dataTypeScale>2</dataTypeScale>
<ownDataTypeParameters>,10,2</ownDataTypeParameters>
</Attribute>
<Attribute name="METODA_PŁATNOŚCI" id="08A65424-60BB-8F98-0D84-12210E213A82">
<createdBy>Laptop</createdBy>
<createdTime>2025-03-10 09:19:30 UTC</createdTime>
<ownerDesignName>SKY_ADVENTURE</ownerDesignName>
<engineerTo>
<item key="89EAE634-7F2C-34B3-D2FA-FBDFE86EF217" value="true"/>
</engineerTo>
<useDomainConstraints>false</useDomainConstraints>
<use>1</use>
<logicalDatatype>LOGDT024</logicalDatatype>
<dataTypeSize>20</dataTypeSize>
<ownDataTypeParameters>20,,</ownDataTypeParameters>
</Attribute>
<Attribute name="STATUS_PŁATNOŚCI" id="74A08731-845C-C7AB-A25A-1D12AF25835E">
<createdBy>Laptop</createdBy>
<createdTime>2025-03-10 09:20:00 UTC</createdTime>
<ownerDesignName>SKY_ADVENTURE</ownerDesignName>
<engineerTo>
<item key="89EAE634-7F2C-34B3-D2FA-FBDFE86EF217" value="true"/>
</engineerTo>
<useDomainConstraints>false</useDomainConstraints>
<use>1</use>
<logicalDatatype>LOGDT024</logicalDatatype>
<dataTypeSize>20</dataTypeSize>
<ownDataTypeParameters>20,,</ownDataTypeParameters>
</Attribute>
<Attribute name="DATA_PŁATNOŚCI" id="A8681216-A7DE-7B94-7975-548B94193C1E">
<createdBy>Laptop</createdBy>
<createdTime>2025-03-10 09:20:24 UTC</createdTime>
<ownerDesignName>SKY_ADVENTURE</ownerDesignName>
<engineerTo>
<item key="89EAE634-7F2C-34B3-D2FA-FBDFE86EF217" value="true"/>
</engineerTo>
<useDomainConstraints>false</useDomainConstraints>
<use>1</use>
<logicalDatatype>LOGDT007</logicalDatatype>
<ownDataTypeParameters>,,</ownDataTypeParameters>
</Attribute>
</attributes>
<identifiers itemClass="oracle.dbtools.crest.model.design.logical.CandidateKey">
<identifier id="050F6C89-EDC3-9C2C-4AF3-EDAE2B7450C3" name="Płatność PK">
<createdBy>Laptop</createdBy>
<createdTime>2025-03-10 09:16:37 UTC</createdTime>
<ownerDesignName>SKY_ADVENTURE</ownerDesignName>
<shouldEngineer>false</shouldEngineer>
<engineerTo>
<item key="89EAE634-7F2C-34B3-D2FA-FBDFE86EF217" value="false"/>
</engineerTo>
<pk>true</pk>
<usedAttributes>
<attributeRef>78993D6A-102A-380C-ECE8-A8F791D3225E</attributeRef>
</usedAttributes>
</identifier>
</identifiers>
</Entity>