<?xml version = '1.0' encoding = 'UTF-8'?>
<Entity class="oracle.dbtools.crest.model.design.logical.Entity" directorySegmentName="seg_0" id="EF48C728-F9B6-8D92-EAD3-3A4754DE0109" name="Klient">
<createdBy>Laptop</createdBy>
<createdTime>2025-03-09 20:44:41 UTC</createdTime>
<ownerDesignName>SKY_ADVENTURE</ownerDesignName>
<engineerTo>
<item key="89EAE634-7F2C-34B3-D2FA-FBDFE86EF217" value="true"/>
</engineerTo>
<adequatelyNormalized>NO</adequatelyNormalized>
<expectedVolumes>0</expectedVolumes>
<fwdEngineeringStrategyName>Single Table</fwdEngineeringStrategyName>
<growthPercent>0</growthPercent>
<growthType>Year</growthType>
<maxVolumes>9999999</maxVolumes>
<minVolumes>0</minVolumes>
<normalForm>Third</normalForm>
<attributes itemClass="oracle.dbtools.crest.model.design.logical.Attribute">
<Attribute name="ID_KLIENTA" id="BEBFADFF-0CBB-CE73-DF7E-43C4AA89A492">
<createdBy>Laptop</createdBy>
<createdTime>2025-03-09 20:47:15 UTC</createdTime>
<ownerDesignName>SKY_ADVENTURE</ownerDesignName>
<engineerTo>
<item key="89EAE634-7F2C-34B3-D2FA-FBDFE86EF217" value="true"/>
</engineerTo>
<useDomainConstraints>false</useDomainConstraints>
<use>1</use>
<logicalDatatype>LOGDT011</logicalDatatype>
<ownDataTypeParameters>,,</ownDataTypeParameters>
</Attribute>
<Attribute name="IMIĘ" id="48F2E61D-B70E-5A5D-E594-FC4D3EEAE96C">
<createdBy>Laptop</createdBy>
<createdTime>2025-03-09 20:50:44 UTC</createdTime>
<ownerDesignName>SKY_ADVENTURE</ownerDesignName>
<engineerTo>
<item key="89EAE634-7F2C-34B3-D2FA-FBDFE86EF217" value="true"/>
</engineerTo>
<useDomainConstraints>false</useDomainConstraints>
<use>1</use>
<logicalDatatype>LOGDT024</logicalDatatype>
<dataTypeSize>20</dataTypeSize>
<ownDataTypeParameters>20,,</ownDataTypeParameters>
</Attribute>
<Attribute name="NAZWISKO" id="7741E269-D60A-E12F-4D04-5D2DEA960032">
<createdBy>Laptop</createdBy>
<createdTime>2025-03-09 20:52:21 UTC</createdTime>
<ownerDesignName>SKY_ADVENTURE</ownerDesignName>
<engineerTo>
<item key="89EAE634-7F2C-34B3-D2FA-FBDFE86EF217" value="true"/>
</engineerTo>
<useDomainConstraints>false</useDomainConstraints>
<use>1</use>
<logicalDatatype>LOGDT024</logicalDatatype>
<dataTypeSize>40</dataTypeSize>
<ownDataTypeParameters>40,,</ownDataTypeParameters>
</Attribute>
<Attribute name="E-MAIL" id="C65B06B9-FAAD-E306-75FD-19C1BA6D093C">
<createdBy>Laptop</createdBy>
<createdTime>2025-03-09 20:52:43 UTC</createdTime>
<ownerDesignName>SKY_ADVENTURE</ownerDesignName>
<engineerTo>
<item key="89EAE634-7F2C-34B3-D2FA-FBDFE86EF217" value="true"/>
</engineerTo>
<useDomainConstraints>false</useDomainConstraints>
<use>1</use>
<logicalDatatype>LOGDT024</logicalDatatype>
<dataTypeSize>30</dataTypeSize>
<ownDataTypeParameters>30,,</ownDataTypeParameters>
</Attribute>
<Attribute name="TELEFON" id="7A651AC2-FC91-55D1-4BE4-19222EE3DDD8">
<createdBy>Laptop</createdBy>
<createdTime>2025-03-09 20:52:44 UTC</createdTime>
<ownerDesignName>SKY_ADVENTURE</ownerDesignName>
<engineerTo>
<item key="89EAE634-7F2C-34B3-D2FA-FBDFE86EF217" value="true"/>
</engineerTo>
<useDomainConstraints>false</useDomainConstraints>
<use>1</use>
<logicalDatatype>LOGDT024</logicalDatatype>
<dataTypeSize>12</dataTypeSize>
<ownDataTypeParameters>12,,</ownDataTypeParameters>
</Attribute>
</attributes>
<identifiers itemClass="oracle.dbtools.crest.model.design.logical.CandidateKey">
<identifier id="00EF782B-D075-F7C7-A6E4-1FE148D9D691" name="Klient PK">
<createdBy>Laptop</createdBy>
<createdTime>2025-03-09 20:50:21 UTC</createdTime>
<ownerDesignName>SKY_ADVENTURE</ownerDesignName>
<shouldEngineer>false</shouldEngineer>
<engineerTo>
<item key="89EAE634-7F2C-34B3-D2FA-FBDFE86EF217" value="false"/>
</engineerTo>
<pk>true</pk>
<usedAttributes>
<attributeRef>BEBFADFF-0CBB-CE73-DF7E-43C4AA89A492</attributeRef>
</usedAttributes>
</identifier>
</identifiers>
</Entity>