<?xml version = '1.0' encoding = 'UTF-8'?>
<Relation class="oracle.dbtools.crest.model.design.logical.Relation" name="Relation_7" directorySegmentName="seg_0" id="031F42D5-4BCD-B271-A477-10065FE2686D">
<createdBy>Laptop</createdBy>
<createdTime>2025-03-10 08:39:09 UTC</createdTime>
<ownerDesignName>SKY_ADVENTURE</ownerDesignName>
<engineerTo>
<item key="89EAE634-7F2C-34B3-D2FA-FBDFE86EF217" value="true"/>
</engineerTo>
<sourcePk>0A434A33-C4D1-3064-F43A-3BDC993A64AC</sourcePk>
<identifying>false</identifying>
<nameOnSource>Odbywa się w</nameOnSource>
<nameOnTarget>Dotyczy lokalizacji</nameOnTarget>
<optionalSource>true</optionalSource>
<optionalTarget>false</optionalTarget>
<sourceCardinality>1</sourceCardinality>
<sourceEntity>C530FEBB-EFBA-6412-F646-BE9767AF0AC3</sourceEntity>
<targetCardinalityString>*</targetCardinalityString>
<targetEntity>71EF936B-7349-2F1B-7B49-82792DA4BC52</targetEntity>
<transferable>true</transferable>
<deleteRule>NO ACTION</deleteRule>
</Relation>