<?xml version = '1.0' encoding = 'UTF-8'?>
<Relation class="oracle.dbtools.crest.model.design.logical.Relation" name="Relation_1" directorySegmentName="seg_0" id="2F9F8477-4437-53B9-DC09-270374D18C42">
<createdBy>Laptop</createdBy>
<createdTime>2025-03-10 08:06:48 UTC</createdTime>
<ownerDesignName>SKY_ADVENTURE</ownerDesignName>
<engineerTo>
<item key="89EAE634-7F2C-34B3-D2FA-FBDFE86EF217" value="true"/>
</engineerTo>
<sourcePk>00EF782B-D075-F7C7-A6E4-1FE148D9D691</sourcePk>
<identifying>false</identifying>
<nameOnSource>Dokonał</nameOnSource>
<nameOnTarget>Dotyczy klienta</nameOnTarget>
<optionalSource>true</optionalSource>
<optionalTarget>false</optionalTarget>
<sourceCardinality>1</sourceCardinality>
<sourceEntity>EF48C728-F9B6-8D92-EAD3-3A4754DE0109</sourceEntity>
<targetCardinalityString>*</targetCardinalityString>
<targetEntity>71EF936B-7349-2F1B-7B49-82792DA4BC52</targetEntity>
<transferable>true</transferable>
<deleteRule>NO ACTION</deleteRule>
</Relation>