<?xml version = '1.0' encoding = 'UTF-8'?>
<Relation class="oracle.dbtools.crest.model.design.logical.Relation" name="Relation_9" directorySegmentName="seg_0" id="46E9E55C-A89F-1AAE-11CF-D66C926D12D3">
<createdBy>Laptop</createdBy>
<createdTime>2025-03-10 08:44:58 UTC</createdTime>
<ownerDesignName>SKY_ADVENTURE</ownerDesignName>
<engineerTo>
<item key="89EAE634-7F2C-34B3-D2FA-FBDFE86EF217" value="true"/>
</engineerTo>
<sourcePk>B0FDFBBE-0A67-55AC-A415-40B879B6B315</sourcePk>
<identifying>false</identifying>
<nameOnSource>Wykorzystany w locie</nameOnSource>
<nameOnTarget>Obsługuje lot</nameOnTarget>
<optionalSource>true</optionalSource>
<optionalTarget>false</optionalTarget>
<sourceCardinality>1</sourceCardinality>
<sourceEntity>28169BC0-1422-91B8-1257-805F18F30CE0</sourceEntity>
<targetCardinalityString>*</targetCardinalityString>
<targetEntity>BBEFDFD5-AACC-973C-4E57-D6B4BCED580C</targetEntity>
<transferable>true</transferable>
<deleteRule>NO ACTION</deleteRule>
</Relation>